seed,answer,clearData,clearRepresent,complex,confid,confus,crowd,deciph,distinguish,distract,effect,find,identifi,inform,lost,meanElem,meanOveral,messi,obvious,organiz,read,readabl,represent,see,simpl,understandEasi,understandQuick,valu,visibl
68922804538,2.0,0,2.0,2,2,2.0,2,2,2.0,2.0,2,2,2,0.0,2,2,2,2,1.0,2,0.0,0,,2.0,2,2,2.0,2.0,2.0
199084210134,3.0,3,3.0,3,3,3.0,2,2,2.0,2.0,3,3,3,3.0,3,3,3,3,3.0,3,3.0,3,3.0,3.0,3,3,3.0,3.0,3.0
195317212581,2.0,2,2.0,2,2,2.0,0,2,1.0,1.0,2,2,1,1.0,2,2,2,-1,2.0,0,2.0,2,2.0,1.0,2,2,2.0,2.0,0.0
95129243334,3.0,3,3.0,3,3,3.0,3,3,3.0,3.0,3,3,3,3.0,3,3,3,3,3.0,3,3.0,3,3.0,3.0,3,3,3.0,3.0,3.0
143831952192,0.0,2,2.0,1,1,1.0,-1,1,2.0,-1.0,2,1,1,0.0,1,2,2,2,2.0,2,0.0,2,1.0,-1.0,0,1,1.0,0.0,-1.0
151060372562,2.0,1,1.0,-1,2,0.0,-2,-1,1.0,-1.0,1,1,1,1.0,0,1,2,-1,2.0,1,0.0,1,2.0,,-1,2,,2.0,2.0
20936321244,1.0,-2,-2.0,-2,1,-2.0,0,-1,-2.0,1.0,0,0,1,-2.0,-1,-1,1,-1,0.0,-1,-1.0,0,-1.0,2.0,-2,-1,-1.0,0.0,2.0
144337773174,3.0,3,3.0,3,3,3.0,3,3,3.0,3.0,3,3,3,3.0,3,3,3,3,3.0,3,3.0,3,3.0,3.0,3,3,3.0,2.0,3.0
10098599090,3.0,2,2.0,3,3,2.0,2,3,3.0,3.0,2,2,3,2.0,2,3,3,2,2.0,2,2.0,3,3.0,2.0,2,3,2.0,2.0,3.0
142300721050,2.0,2,1.0,1,2,2.0,0,1,1.0,3.0,2,2,2,3.0,2,3,2,1,3.0,2,2.0,2,1.0,2.0,1,1,3.0,3.0,2.0
91419115792,2.0,1,2.0,2,2,1.0,0,1,1.0,1.0,2,1,2,1.0,1,2,2,1,1.0,2,1.0,1,2.0,2.0,1,1,2.0,2.0,2.0
31269513236,2.0,2,2.0,2,2,2.0,2,2,2.0,2.0,2,2,2,2.0,2,2,2,2,2.0,2,2.0,2,2.0,2.0,2,2,2.0,2.0,2.0
148531172561,2.0,2,2.0,2,2,2.0,2,2,2.0,3.0,2,2,2,2.0,2,2,2,3,2.0,2,2.0,2,2.0,1.0,2,2,1.0,2.0,1.0
13830649738,3.0,3,3.0,3,3,3.0,3,2,2.0,3.0,3,3,3,3.0,3,3,3,3,3.0,3,3.0,3,3.0,3.0,3,3,3.0,3.0,2.0
121906942982,3.0,3,3.0,3,3,3.0,3,3,3.0,3.0,3,3,3,3.0,3,3,3,3,3.0,3,3.0,3,3.0,3.0,3,3,3.0,3.0,3.0
167231361282,2.0,2,2.0,3,2,2.0,2,2,2.0,3.0,2,2,2,2.0,2,2,3,2,2.0,2,2.0,2,3.0,2.0,2,2,1.0,2.0,2.0
103498466790,2.0,1,2.0,2,3,3.0,2,2,1.0,2.0,3,2,2,1.0,3,2,3,2,3.0,0,2.0,2,2.0,0.0,3,3,2.0,3.0,0.0
43670702580,2.0,1,2.0,2,3,2.0,1,3,2.0,2.0,1,2,3,3.0,1,2,3,3,3.0,2,3.0,2,3.0,0.0,3,3,3.0,2.0,1.0
90586153546,2.0,1,1.0,2,2,1.0,1,1,1.0,1.0,1,1,2,1.0,2,2,2,2,2.0,1,1.0,1,2.0,1.0,1,1,1.0,1.0,2.0
178510984339,2.0,2,2.0,2,2,2.0,1,2,2.0,2.0,2,2,2,2.0,2,2,2,2,2.0,2,2.0,2,1.0,2.0,2,2,2.0,2.0,2.0
187638815524,2.0,1,2.0,2,2,1.0,-1,-1,1.0,1.0,2,1,2,2.0,1,1,1,2,2.0,1,1.0,1,1.0,1.0,1,1,1.0,1.0,-1.0
10618068482,3.0,3,3.0,3,3,3.0,3,3,3.0,3.0,3,3,3,3.0,3,3,3,3,3.0,3,3.0,3,3.0,3.0,3,3,3.0,3.0,3.0
103633398227,2.0,2,2.0,3,3,2.0,2,2,2.0,2.0,2,2,2,2.0,3,3,3,2,3.0,2,2.0,2,3.0,3.0,2,3,3.0,3.0,2.0
185231208876,3.0,3,3.0,3,3,3.0,3,3,3.0,3.0,3,3,3,3.0,3,3,3,3,3.0,3,3.0,3,3.0,3.0,3,3,3.0,3.0,3.0
190743189631,2.0,2,2.0,2,2,2.0,1,2,1.0,2.0,1,2,2,0.0,2,3,3,2,3.0,2,2.0,2,2.0,2.0,2,2,2.0,0.0,0.0
78385740821,2.0,-1,2.0,-1,2,1.0,-1,-1,-1.0,-1.0,2,1,1,1.0,1,2,2,1,2.0,2,1.0,1,2.0,0.0,-1,1,1.0,1.0,2.0
105766176347,2.0,2,3.0,2,2,2.0,2,2,2.0,2.0,2,2,2,3.0,2,3,2,2,2.0,3,2.0,3,2.0,3.0,3,3,3.0,3.0,3.0
167836787664,3.0,3,3.0,3,3,3.0,3,2,3.0,1.0,3,3,2,2.0,2,2,2,3,2.0,2,2.0,2,3.0,1.0,3,3,2.0,3.0,3.0
13563261975,2.0,1,2.0,1,2,1.0,1,1,2.0,1.0,3,3,3,3.0,3,2,2,2,3.0,3,2.0,2,2.0,-2.0,2,2,3.0,2.0,2.0
15123359790,3.0,3,3.0,3,3,3.0,3,3,3.0,3.0,3,3,3,3.0,3,3,3,3,3.0,3,3.0,3,3.0,3.0,3,3,3.0,3.0,3.0
26832675788,2.0,3,3.0,2,3,2.0,2,2,2.0,2.0,3,3,3,3.0,3,3,3,2,3.0,2,3.0,3,3.0,3.0,3,3,3.0,3.0,3.0
208507159345,3.0,1,2.0,2,1,1.0,1,2,2.0,1.0,2,1,2,2.0,2,3,3,1,3.0,2,2.0,3,2.0,-1.0,2,2,2.0,1.0,-2.0
201811470183,3.0,3,3.0,3,3,3.0,3,3,3.0,2.0,3,3,3,3.0,3,3,3,3,3.0,3,3.0,3,3.0,3.0,3,3,3.0,3.0,3.0
165500045183,1.0,0,0.0,-1,1,0.0,-1,1,1.0,-1.0,1,0,0,0.0,-1,1,1,0,2.0,0,0.0,1,1.0,1.0,0,1,1.0,1.0,0.0
150641527455,2.0,2,2.0,2,2,2.0,2,2,2.0,2.0,2,2,2,2.0,2,2,2,2,2.0,2,2.0,2,2.0,2.0,2,2,2.0,2.0,2.0
83595162977,3.0,3,3.0,3,3,3.0,3,3,3.0,3.0,3,3,3,3.0,3,3,3,3,3.0,3,3.0,3,3.0,3.0,3,3,3.0,3.0,3.0
205016923526,2.0,2,2.0,2,1,2.0,2,2,2.0,2.0,2,2,2,2.0,2,2,2,2,,2,2.0,2,2.0,1.0,2,2,2.0,1.0,1.0
67801665769,3.0,1,1.0,-1,3,-1.0,-1,2,3.0,-3.0,1,3,3,3.0,-1,3,3,-1,-2.0,2,1.0,2,1.0,3.0,1,1,1.0,3.0,3.0
210997194651,2.0,2,2.0,1,3,2.0,2,2,2.0,2.0,2,3,2,2.0,2,2,3,2,2.0,2,2.0,2,3.0,1.0,1,2,1.0,2.0,2.0
143656516618,3.0,3,3.0,3,3,3.0,3,3,3.0,3.0,3,3,3,3.0,3,3,3,3,3.0,3,3.0,3,3.0,3.0,3,3,3.0,3.0,3.0
158397952489,2.0,2,2.0,3,3,2.0,2,2,1.0,2.0,2,2,2,0.0,2,1,2,3,2.0,2,1.0,2,2.0,2.0,3,1,3.0,2.0,0.0
123908606651,2.0,3,2.0,3,2,3.0,3,2,3.0,3.0,3,2,3,2.0,3,2,2,3,2.0,2,2.0,3,2.0,3.0,2,2,2.0,2.0,2.0
145364973436,3.0,2,2.0,2,2,2.0,2,2,2.0,2.0,2,1,2,2.0,2,3,3,2,2.0,2,2.0,2,3.0,1.0,2,3,2.0,1.0,2.0
34481426522,2.0,2,2.0,3,3,3.0,3,3,2.0,3.0,2,3,1,3.0,3,2,3,3,3.0,3,2.0,3,3.0,1.0,3,3,3.0,3.0,2.0
92371731557,3.0,3,3.0,3,3,3.0,3,3,3.0,3.0,3,3,3,3.0,3,3,3,3,3.0,3,3.0,3,3.0,3.0,3,3,3.0,3.0,3.0
138846014134,3.0,3,3.0,3,3,3.0,2,3,2.0,3.0,3,3,3,3.0,3,3,3,2,3.0,3,3.0,3,3.0,2.0,3,3,3.0,3.0,3.0
37805223576,1.0,2,2.0,2,3,1.0,-3,-1,2.0,-2.0,3,-1,2,1.0,2,3,3,1,2.0,3,2.0,3,3.0,2.0,2,3,2.0,2.0,3.0
120204344042,2.0,2,2.0,2,3,2.0,0,3,3.0,2.0,2,2,3,3.0,2,3,3,0,3.0,1,3.0,3,3.0,3.0,2,3,3.0,3.0,3.0
211300727982,2.0,3,2.0,2,2,2.0,2,3,3.0,2.0,3,2,2,3.0,2,2,2,2,2.0,3,3.0,3,2.0,2.0,2,2,3.0,2.0,2.0
96009932515,2.0,2,3.0,3,3,3.0,2,3,3.0,3.0,1,1,3,2.0,3,2,2,2,3.0,2,3.0,2,2.0,3.0,3,2,3.0,2.0,3.0
115979240986,1.0,3,2.0,1,2,2.0,2,2,2.0,1.0,1,1,1,1.0,2,2,2,2,3.0,3,3.0,2,3.0,2.0,2,2,2.0,2.0,1.0
83304618245,3.0,1,2.0,2,2,1.0,1,2,2.0,1.0,1,2,2,2.0,2,2,2,1,2.0,1,2.0,2,2.0,2.0,2,2,2.0,2.0,2.0
48302501189,2.0,2,3.0,1,2,-2.0,1,1,2.0,-1.0,2,3,2,2.0,2,2,2,1,2.0,2,3.0,2,3.0,1.0,2,2,3.0,2.0,1.0
105650320677,3.0,3,3.0,2,3,3.0,2,2,3.0,2.0,2,2,2,3.0,3,3,2,2,3.0,3,3.0,2,3.0,1.0,3,3,3.0,3.0,2.0
211131936077,3.0,3,3.0,3,3,3.0,3,3,3.0,3.0,3,3,3,3.0,3,3,3,3,3.0,3,3.0,3,3.0,3.0,3,3,3.0,3.0,3.0
18636127889,3.0,3,3.0,3,3,3.0,3,3,3.0,3.0,3,3,3,3.0,3,3,3,3,3.0,3,3.0,3,3.0,2.0,2,3,3.0,3.0,3.0
20407384762,3.0,2,3.0,3,3,3.0,2,2,2.0,3.0,3,3,2,3.0,2,3,2,3,2.0,2,3.0,3,3.0,2.0,3,3,2.0,3.0,3.0
178831088783,3.0,3,3.0,-3,3,3.0,2,3,2.0,2.0,2,3,3,3.0,3,2,3,2,2.0,3,3.0,2,2.0,3.0,3,3,3.0,3.0,3.0
107069995234,2.0,2,2.0,2,3,2.0,2,2,2.0,1.0,1,1,2,1.0,2,2,2,2,3.0,1,1.0,2,2.0,-3.0,2,2,1.0,2.0,-3.0
16906207744,3.0,3,3.0,3,3,3.0,2,3,3.0,2.0,3,3,3,2.0,3,3,3,3,3.0,3,3.0,3,3.0,2.0,3,3,3.0,2.0,2.0
26756615495,3.0,2,1.0,2,2,2.0,3,2,3.0,0.0,2,2,2,2.0,2,3,3,3,3.0,3,2.0,2,3.0,3.0,2,2,2.0,2.0,2.0
151300178222,3.0,2,2.0,3,3,2.0,2,2,2.0,3.0,2,2,2,2.0,2,3,2,2,3.0,2,3.0,3,3.0,1.0,3,3,3.0,2.0,1.0
202766403514,1.0,2,2.0,2,2,2.0,1,2,2.0,2.0,2,1,2,2.0,2,2,2,1,2.0,1,2.0,2,2.0,2.0,2,2,2.0,2.0,2.0
93193447749,3.0,3,2.0,3,3,3.0,3,3,3.0,3.0,2,2,2,3.0,3,3,3,3,3.0,2,3.0,3,3.0,2.0,3,3,2.0,2.0,2.0
152405607916,3.0,3,3.0,3,3,3.0,2,3,2.0,2.0,3,2,3,3.0,3,3,3,2,3.0,2,3.0,3,3.0,2.0,3,3,3.0,3.0,2.0
127923020792,0.0,0,-1.0,1,0,1.0,2,0,2.0,2.0,2,2,1,1.0,1,0,1,2,1.0,2,1.0,0,0.0,1.0,1,0,-1.0,1.0,1.0
94273685241,3.0,2,2.0,2,3,2.0,3,2,1.0,3.0,2,3,3,2.0,2,2,3,2,2.0,2,2.0,2,3.0,2.0,2,3,2.0,2.0,3.0
87196755323,3.0,3,3.0,3,3,3.0,0,3,3.0,2.0,3,3,3,3.0,3,3,3,3,3.0,3,3.0,3,3.0,3.0,3,3,3.0,3.0,3.0
192261145473,3.0,2,2.0,2,3,2.0,2,2,3.0,2.0,2,2,2,2.0,2,2,2,2,3.0,1,2.0,2,2.0,1.0,3,2,2.0,2.0,2.0
144262421296,3.0,3,3.0,3,3,3.0,3,3,3.0,3.0,3,3,3,3.0,3,3,3,3,3.0,3,3.0,3,3.0,2.0,3,3,3.0,3.0,3.0
189200057796,3.0,1,2.0,-2,2,2.0,0,2,1.0,1.0,2,1,2,2.0,1,2,2,0,3.0,1,2.0,2,2.0,1.0,2,3,2.0,2.0,2.0
200464073283,3.0,3,3.0,3,3,3.0,3,0,3.0,3.0,2,3,3,3.0,3,3,3,3,3.0,3,3.0,3,3.0,0.0,3,3,3.0,3.0,3.0
98675162340,3.0,3,3.0,3,3,3.0,3,3,3.0,3.0,3,3,3,3.0,3,3,3,3,3.0,3,3.0,3,3.0,3.0,3,3,3.0,3.0,3.0
152075853893,3.0,3,3.0,3,3,3.0,-1,3,2.0,2.0,3,2,2,3.0,3,3,3,2,3.0,3,3.0,3,3.0,2.0,3,3,3.0,3.0,2.0
211722740794,3.0,3,2.0,-2,3,3.0,3,2,2.0,2.0,3,2,2,2.0,3,3,3,3,2.0,3,3.0,3,2.0,2.0,2,2,3.0,3.0,3.0
88623267962,2.0,1,0.0,1,1,1.0,-2,2,1.0,2.0,0,0,0,0.0,2,2,2,0,2.0,1,1.0,2,2.0,1.0,1,1,2.0,1.0,2.0
64075448246,3.0,3,3.0,3,3,3.0,3,3,3.0,3.0,3,3,3,3.0,3,3,3,3,3.0,3,3.0,3,3.0,3.0,3,3,3.0,3.0,3.0
96007992371,3.0,3,3.0,3,3,3.0,3,3,2.0,3.0,3,-3,3,2.0,3,3,3,3,3.0,3,3.0,3,3.0,-3.0,3,3,3.0,-3.0,-3.0
97846799577,3.0,3,3.0,3,3,3.0,3,3,3.0,3.0,3,3,3,3.0,3,3,3,3,3.0,3,3.0,3,3.0,3.0,3,3,3.0,3.0,3.0
129046104566,3.0,3,3.0,3,3,3.0,3,3,3.0,3.0,3,3,3,3.0,3,3,3,3,3.0,3,3.0,3,3.0,3.0,3,3,3.0,3.0,3.0
32486841921,3.0,2,2.0,2,3,3.0,3,3,2.0,3.0,3,3,3,3.0,3,3,3,3,3.0,2,2.0,3,3.0,2.0,2,2,3.0,3.0,2.0
50554886634,2.0,2,1.0,2,3,3.0,2,2,3.0,3.0,2,3,3,2.0,3,3,3,2,3.0,3,3.0,3,2.0,3.0,3,3,3.0,3.0,3.0
181562174960,2.0,3,3.0,3,3,3.0,3,3,3.0,2.0,3,2,3,2.0,3,3,3,3,3.0,2,3.0,3,3.0,1.0,3,2,3.0,3.0,1.0
121741893099,3.0,2,2.0,2,3,2.0,2,2,2.0,3.0,3,2,2,2.0,2,3,2,2,3.0,3,3.0,2,3.0,2.0,2,3,3.0,1.0,2.0
28143561478,3.0,1,-1.0,0,3,3.0,1,2,3.0,3.0,3,0,1,-2.0,0,2,2,1,1.0,2,2.0,2,2.0,2.0,2,1,2.0,1.0,3.0
7955239087,2.0,1,-2.0,2,2,2.0,2,2,2.0,2.0,1,2,2,3.0,2,1,1,2,3.0,1,2.0,2,2.0,1.0,1,2,2.0,3.0,0.0
71739283352,2.0,1,2.0,2,2,2.0,1,1,2.0,0.0,2,2,2,2.0,2,1,2,1,2.0,1,2.0,2,2.0,2.0,2,2,2.0,2.0,1.0
189974640823,1.0,2,2.0,2,2,2.0,2,2,2.0,2.0,2,1,2,2.0,2,3,3,2,3.0,2,2.0,2,2.0,2.0,2,2,2.0,2.0,2.0
124649838152,3.0,2,3.0,2,3,2.0,2,2,3.0,1.0,2,3,3,2.0,2,3,3,2,3.0,2,3.0,2,3.0,2.0,2,3,3.0,3.0,2.0
199737059564,3.0,3,3.0,3,3,3.0,2,3,3.0,2.0,3,3,3,3.0,3,3,3,2,3.0,3,3.0,3,3.0,3.0,3,3,3.0,3.0,3.0
154548546841,2.0,1,2.0,2,2,-1.0,-1,-1,1.0,-1.0,1,1,2,2.0,2,2,2,-1,2.0,2,1.0,2,2.0,2.0,2,2,1.0,2.0,1.0
12488243961,3.0,3,3.0,2,3,2.0,1,2,3.0,1.0,2,3,3,3.0,2,3,3,2,3.0,2,2.0,3,3.0,3.0,3,3,2.0,3.0,3.0
134146370526,3.0,2,3.0,3,3,3.0,2,3,3.0,3.0,2,2,2,3.0,2,3,3,3,3.0,2,3.0,3,3.0,-1.0,2,3,3.0,3.0,1.0
203625761670,2.0,2,3.0,3,2,3.0,0,2,2.0,2.0,3,0,2,3.0,3,2,2,1,3.0,3,3.0,3,2.0,2.0,3,2,2.0,2.0,2.0
203016586694,3.0,2,2.0,2,3,2.0,-2,2,3.0,-1.0,1,0,2,0.0,1,3,3,3,3.0,2,2.0,3,2.0,2.0,2,2,2.0,3.0,1.0
3604620132,3.0,1,2.0,2,3,3.0,2,2,1.0,2.0,2,2,3,1.0,3,2,3,1,2.0,3,2.0,3,2.0,-1.0,3,3,3.0,2.0,-3.0
30990835052,3.0,3,3.0,3,3,2.0,-1,3,2.0,3.0,2,3,3,3.0,3,3,3,1,3.0,2,3.0,3,3.0,3.0,2,3,3.0,3.0,2.0
134425508350,3.0,2,2.0,2,3,1.0,2,2,2.0,2.0,3,2,2,3.0,2,1,3,3,3.0,2,2.0,2,2.0,2.0,2,2,3.0,2.0,2.0
208646665338,2.0,2,3.0,3,3,2.0,2,3,1.0,2.0,2,1,2,3.0,2,2,1,2,2.0,2,3.0,2,2.0,2.0,3,3,3.0,3.0,2.0
180121661638,3.0,3,3.0,2,2,3.0,2,2,2.0,3.0,3,2,3,3.0,2,3,3,2,2.0,2,3.0,2,3.0,1.0,3,3,3.0,1.0,2.0
109242875044,3.0,2,2.0,2,2,3.0,2,2,3.0,1.0,2,2,3,3.0,3,2,3,2,2.0,2,3.0,3,2.0,2.0,3,3,3.0,2.0,3.0
174059604049,2.0,2,1.0,2,2,2.0,2,2,2.0,3.0,3,1,0,3.0,3,3,3,2,3.0,1,2.0,3,3.0,1.0,2,3,3.0,-1.0,1.0
85035299035,2.0,2,2.0,2,2,2.0,2,2,2.0,2.0,2,2,2,2.0,2,2,2,2,2.0,2,2.0,2,2.0,1.0,2,2,2.0,2.0,1.0
136146621025,3.0,3,3.0,3,3,3.0,3,3,3.0,3.0,3,3,3,3.0,3,3,3,3,3.0,3,3.0,3,3.0,2.0,3,3,3.0,2.0,3.0
114102341613,3.0,3,2.0,3,3,3.0,1,3,1.0,2.0,2,1,3,1.0,3,3,2,2,3.0,3,3.0,3,3.0,3.0,3,3,3.0,2.0,2.0
148864596892,2.0,2,2.0,2,2,2.0,2,1,2.0,2.0,2,2,2,2.0,2,2,2,2,2.0,2,2.0,2,2.0,2.0,0,2,1.0,2.0,2.0
69722048182,3.0,2,2.0,3,3,3.0,2,3,2.0,2.0,3,2,3,2.0,3,3,3,3,3.0,2,3.0,3,3.0,3.0,3,3,3.0,3.0,3.0
18940749053,2.0,3,2.0,3,3,3.0,3,3,3.0,3.0,2,3,3,3.0,3,3,3,3,3.0,3,3.0,3,3.0,3.0,3,3,3.0,1.0,3.0
92488652866,3.0,2,2.0,2,3,2.0,1,2,2.0,2.0,1,-1,3,2.0,3,3,3,2,2.0,2,2.0,2,2.0,-1.0,2,3,2.0,-1.0,0.0
165111589246,2.0,3,3.0,2,2,2.0,1,2,0.0,1.0,1,1,2,3.0,2,2,3,2,3.0,2,2.0,3,1.0,-2.0,3,2,2.0,0.0,-1.0
17649222594,3.0,2,2.0,2,3,2.0,-1,3,3.0,-1.0,2,2,1,2.0,2,2,2,-1,3.0,1,2.0,2,2.0,3.0,2,3,2.0,3.0,2.0
62779091433,2.0,2,2.0,2,2,2.0,2,2,2.0,2.0,2,2,2,2.0,2,2,2,2,2.0,2,2.0,2,2.0,2.0,2,2,2.0,2.0,2.0
102874624869,2.0,1,2.0,2,1,1.0,1,2,-1.0,1.0,1,1,0,1.0,1,1,1,2,0.0,2,2.0,2,2.0,2.0,2,2,1.0,0.0,2.0
8108311912,-2.0,-1,-2.0,-1,0,0.0,-3,-1,0.0,-2.0,-2,0,1,-1.0,-2,1,1,-2,2.0,-2,1.0,-1,1.0,-2.0,-1,1,1.0,-2.0,-2.0
75893460384,3.0,3,3.0,3,3,3.0,3,3,3.0,3.0,3,3,3,3.0,3,3,3,3,3.0,3,3.0,3,3.0,3.0,3,3,3.0,3.0,3.0
17782149090,2.0,1,1.0,1,3,-1.0,2,1,-1.0,1.0,1,1,1,1.0,0,-1,2,2,2.0,-1,1.0,1,2.0,2.0,1,2,1.0,2.0,2.0
205370686193,3.0,2,3.0,3,3,3.0,2,2,2.0,2.0,3,3,3,3.0,2,2,3,2,3.0,2,3.0,3,2.0,2.0,3,2,2.0,3.0,2.0
55017772929,3.0,0,3.0,3,3,3.0,3,3,3.0,3.0,2,-2,2,0.0,-1,3,3,1,3.0,2,2.0,3,3.0,2.0,3,3,3.0,2.0,1.0
202563138683,3.0,3,3.0,3,3,2.0,2,3,3.0,2.0,3,2,2,3.0,2,3,3,3,3.0,2,3.0,2,2.0,2.0,3,3,3.0,2.0,2.0
203826964198,0.0,-2,-1.0,-2,-3,-1.0,1,-2,1.0,-3.0,-1,-1,-2,-1.0,-3,-2,-1,0,-2.0,0,-2.0,1,-2.0,-2.0,-3,-2,-2.0,1.0,2.0
136403571560,3.0,1,2.0,1,3,0.0,2,2,1.0,-1.0,3,2,3,2.0,2,2,2,-1,2.0,2,2.0,3,2.0,3.0,1,2,2.0,1.0,3.0
140256054319,2.0,1,2.0,2,3,,-2,2,3.0,-1.0,0,2,2,3.0,2,3,3,-2,2.0,-1,2.0,2,2.0,2.0,1,2,2.0,3.0,1.0
143181346940,2.0,1,0.0,2,2,0.0,0,0,1.0,0.0,0,0,1,2.0,0,2,2,-1,2.0,0,1.0,1,1.0,2.0,1,2,2.0,2.0,2.0
79136434391,3.0,2,2.0,3,3,3.0,2,2,2.0,2.0,2,2,2,2.0,3,3,2,2,3.0,3,2.0,2,2.0,2.0,3,2,2.0,2.0,3.0
96635619173,2.0,2,2.0,2,3,2.0,2,2,2.0,2.0,2,2,2,2.0,2,2,2,2,2.0,2,2.0,2,2.0,2.0,2,2,2.0,2.0,2.0
209308338727,2.0,2,1.0,2,3,3.0,2,1,2.0,2.0,2,3,2,1.0,2,2,2,2,1.0,2,2.0,3,2.0,2.0,2,2,2.0,1.0,1.0
64880256356,3.0,2,3.0,1,3,3.0,2,1,3.0,1.0,3,3,3,2.0,3,3,3,2,3.0,1,3.0,3,2.0,1.0,3,3,2.0,3.0,1.0
101773953230,1.0,1,2.0,1,1,0.0,1,2,-1.0,-1.0,2,0,1,1.0,-1,3,2,1,2.0,2,2.0,2,2.0,-1.0,1,2,2.0,0.0,-1.0
36120827749,2.0,1,2.0,2,2,2.0,2,2,2.0,2.0,2,2,2,2.0,1,2,2,2,2.0,2,2.0,2,2.0,1.0,2,2,2.0,2.0,0.0
38863683211,3.0,3,3.0,3,3,3.0,3,3,2.0,3.0,3,3,3,3.0,3,3,3,3,3.0,3,3.0,3,3.0,2.0,3,3,3.0,1.0,-3.0
8710206721,2.0,2,1.0,2,2,1.0,1,2,2.0,2.0,1,2,2,2.0,1,2,2,2,2.0,1,2.0,2,2.0,2.0,2,2,2.0,2.0,1.0
96365116054,2.0,2,2.0,2,2,2.0,1,2,2.0,0.0,2,2,2,2.0,3,3,2,2,2.0,3,2.0,2,2.0,2.0,2,2,2.0,2.0,2.0
18518616321,3.0,1,2.0,2,2,2.0,3,2,3.0,2.0,2,3,3,2.0,3,3,3,3,2.0,3,3.0,3,2.0,1.0,3,3,3.0,1.0,1.0
28193532086,1.0,2,1.0,1,2,1.0,2,1,1.0,2.0,2,1,2,2.0,2,1,2,1,2.0,1,2.0,3,2.0,0.0,2,2,2.0,1.0,2.0
128553178921,3.0,1,2.0,2,2,3.0,0,2,0.0,-1.0,1,0,1,1.0,2,2,2,2,1.0,0,2.0,1,2.0,1.0,1,1,2.0,3.0,-1.0
87818885177,2.0,2,2.0,2,2,2.0,2,-2,2.0,2.0,2,2,2,2.0,2,2,2,2,2.0,2,2.0,3,2.0,2.0,2,2,2.0,2.0,1.0
124458628830,2.0,2,2.0,1,2,1.0,-1,2,-2.0,-1.0,2,2,2,2.0,2,2,3,1,2.0,-1,2.0,3,2.0,2.0,2,2,1.0,2.0,1.0
12934202598,3.0,2,2.0,3,3,2.0,2,2,2.0,2.0,1,1,3,1.0,3,2,2,2,3.0,2,2.0,3,2.0,1.0,2,2,2.0,2.0,1.0
58306439070,3.0,3,3.0,3,3,2.0,1,2,3.0,3.0,2,2,3,3.0,3,3,3,2,3.0,2,3.0,3,3.0,3.0,3,3,3.0,3.0,2.0
143057849626,3.0,3,3.0,3,3,2.0,3,2,3.0,3.0,3,2,2,2.0,3,3,3,2,3.0,3,3.0,3,3.0,2.0,3,3,3.0,2.0,2.0
22590002729,2.0,2,2.0,2,2,3.0,2,2,1.0,2.0,2,3,2,2.0,2,3,2,2,3.0,2,2.0,2,3.0,1.0,2,2,2.0,2.0,-1.0
112294735429,3.0,3,2.0,2,3,3.0,2,2,3.0,2.0,3,3,3,3.0,3,2,2,3,3.0,3,3.0,2,3.0,2.0,2,3,3.0,1.0,1.0
24386198823,3.0,3,3.0,3,3,3.0,3,3,3.0,3.0,3,3,3,3.0,3,3,3,3,3.0,3,3.0,3,3.0,3.0,3,3,3.0,3.0,3.0
33539790857,3.0,3,3.0,3,3,3.0,3,3,3.0,2.0,2,3,3,3.0,3,3,3,3,3.0,3,3.0,3,3.0,3.0,3,3,3.0,2.0,3.0
75924814069,3.0,1,2.0,3,2,3.0,2,2,-2.0,-2.0,1,2,2,1.0,2,3,3,3,3.0,2,3.0,3,3.0,-1.0,3,3,3.0,1.0,-1.0
68672441577,3.0,2,3.0,2,3,3.0,3,2,3.0,2.0,2,3,2,2.0,3,2,2,2,3.0,2,2.0,3,3.0,2.0,2,3,3.0,2.0,1.0
39787073628,2.0,2,2.0,2,2,2.0,1,2,2.0,2.0,2,2,2,2.0,3,2,3,3,3.0,2,2.0,2,2.0,2.0,2,2,2.0,2.0,2.0
64795432488,3.0,2,2.0,2,2,2.0,2,2,2.0,2.0,2,2,2,2.0,3,2,2,2,2.0,2,2.0,2,2.0,2.0,2,2,2.0,2.0,1.0
18084510945,2.0,2,2.0,2,2,2.0,2,2,2.0,2.0,2,2,2,2.0,2,2,2,2,2.0,2,2.0,2,2.0,0.0,2,2,2.0,2.0,0.0
153887752693,3.0,2,2.0,2,3,1.0,-3,3,2.0,0.0,3,2,3,2.0,3,2,3,0,3.0,2,2.0,3,3.0,2.0,3,2,2.0,2.0,2.0
109046064359,2.0,2,2.0,2,2,2.0,1,1,2.0,2.0,2,2,2,2.0,2,2,2,1,2.0,2,2.0,2,2.0,2.0,2,2,2.0,2.0,2.0
52828633413,2.0,2,2.0,2,2,2.0,2,1,3.0,1.0,2,1,2,2.0,2,2,2,2,3.0,1,3.0,3,2.0,-1.0,2,2,2.0,0.0,0.0
183653524361,3.0,3,3.0,3,3,3.0,3,3,3.0,3.0,3,3,3,3.0,3,3,3,3,3.0,3,3.0,3,3.0,3.0,3,3,3.0,3.0,3.0
209249063763,3.0,3,3.0,3,2,3.0,1,3,3.0,2.0,2,2,3,3.0,3,3,3,2,3.0,3,3.0,3,2.0,3.0,2,2,2.0,3.0,2.0
119528885155,3.0,3,3.0,1,3,3.0,-1,3,3.0,3.0,3,3,3,3.0,3,3,2,3,3.0,2,3.0,3,3.0,3.0,3,3,3.0,3.0,3.0
187109541453,2.0,3,2.0,3,3,2.0,2,3,3.0,2.0,2,1,2,3.0,2,2,3,3,2.0,3,3.0,3,3.0,2.0,2,3,3.0,2.0,2.0
50553977770,3.0,3,3.0,2,3,3.0,3,3,2.0,2.0,2,2,2,2.0,3,2,3,3,3.0,3,3.0,3,3.0,2.0,3,2,2.0,2.0,2.0
10624300012,2.0,2,2.0,-2,2,2.0,1,3,1.0,2.0,2,2,2,2.0,2,2,2,3,2.0,2,2.0,2,2.0,1.0,2,2,2.0,2.0,2.0
142508980038,2.0,2,2.0,2,2,2.0,2,2,2.0,2.0,2,2,2,2.0,2,2,2,2,2.0,2,2.0,2,2.0,2.0,2,2,2.0,2.0,2.0
121180642212,2.0,3,2.0,0,2,2.0,1,1,1.0,1.0,2,1,2,1.0,1,1,3,2,2.0,2,2.0,3,3.0,2.0,2,2,1.0,2.0,1.0
62360432883,3.0,3,3.0,3,3,2.0,0,2,3.0,2.0,3,3,3,3.0,2,3,2,2,3.0,2,3.0,3,3.0,2.0,3,3,2.0,3.0,3.0
34332257090,2.0,2,2.0,1,2,2.0,-2,1,-1.0,-2.0,1,0,1,1.0,2,2,2,1,1.0,3,2.0,3,2.0,2.0,2,2,2.0,2.0,2.0
131202952435,3.0,3,3.0,3,3,3.0,3,3,3.0,3.0,3,3,3,3.0,3,3,3,3,3.0,3,3.0,3,3.0,3.0,3,3,3.0,3.0,3.0
208042603266,3.0,3,3.0,3,3,3.0,3,3,3.0,3.0,3,3,3,3.0,3,3,3,3,3.0,3,3.0,3,3.0,3.0,3,3,3.0,3.0,3.0
54037382710,2.0,2,1.0,2,2,2.0,1,2,2.0,2.0,2,2,2,2.0,2,1,2,2,2.0,2,2.0,2,2.0,2.0,2,2,2.0,2.0,1.0
211796113567,3.0,2,2.0,3,3,3.0,3,2,2.0,-3.0,2,2,2,3.0,3,3,3,3,3.0,3,3.0,3,3.0,1.0,2,3,3.0,2.0,1.0
111123092893,2.0,1,1.0,2,2,2.0,2,1,1.0,1.0,2,2,2,2.0,2,2,3,1,2.0,1,2.0,2,2.0,0.0,1,2,2.0,2.0,2.0
186019832930,3.0,3,3.0,3,3,3.0,3,3,3.0,3.0,3,3,3,3.0,3,3,3,3,3.0,3,3.0,3,3.0,3.0,3,3,3.0,3.0,3.0
33319207250,3.0,-2,-1.0,2,2,3.0,-1,3,1.0,-2.0,2,3,3,3.0,2,3,3,1,3.0,1,3.0,2,2.0,-2.0,2,3,-1.0,3.0,-1.0
51487748539,3.0,2,2.0,2,2,2.0,2,2,2.0,2.0,3,2,2,3.0,3,2,3,2,3.0,2,3.0,2,3.0,2.0,3,3,3.0,3.0,3.0
78524685221,3.0,1,1.0,2,3,3.0,-2,2,2.0,-2.0,1,3,3,3.0,3,2,3,-1,3.0,1,2.0,3,3.0,1.0,1,3,3.0,2.0,1.0
70759011930,3.0,2,2.0,2,3,2.0,1,1,3.0,1.0,3,3,3,2.0,3,3,3,2,3.0,2,3.0,3,3.0,2.0,3,3,3.0,2.0,0.0
120064740033,2.0,2,2.0,2,2,2.0,2,2,2.0,3.0,2,2,2,2.0,2,3,2,3,2.0,2,3.0,3,2.0,1.0,2,2,3.0,2.0,0.0
148944166871,2.0,2,2.0,2,2,2.0,2,2,2.0,2.0,2,2,2,2.0,2,2,2,2,2.0,2,2.0,2,2.0,2.0,2,2,2.0,2.0,2.0
154967535059,3.0,3,3.0,2,3,3.0,-1,2,2.0,2.0,3,1,3,3.0,2,3,3,2,3.0,2,3.0,2,3.0,1.0,2,3,3.0,2.0,1.0
17275055089,1.0,3,3.0,2,2,3.0,2,2,2.0,2.0,3,1,2,2.0,3,3,2,2,2.0,2,2.0,2,3.0,2.0,3,3,1.0,1.0,1.0
55377213613,3.0,3,3.0,2,3,2.0,2,2,2.0,2.0,3,3,3,3.0,2,2,2,2,3.0,3,3.0,3,2.0,3.0,3,3,3.0,3.0,2.0
206468057348,2.0,2,2.0,2,3,2.0,1,2,2.0,2.0,3,2,2,3.0,2,2,2,3,2.0,3,3.0,3,3.0,2.0,3,3,2.0,2.0,1.0
152835723118,3.0,2,3.0,2,3,3.0,3,2,2.0,2.0,2,1,2,2.0,2,3,3,3,3.0,3,2.0,2,3.0,2.0,2,3,3.0,3.0,2.0
129729312031,2.0,3,2.0,-1,3,1.0,-1,-1,2.0,2.0,2,2,2,2.0,1,3,3,1,3.0,2,3.0,3,1.0,1.0,3,3,2.0,1.0,1.0
99042141412,3.0,3,3.0,3,3,3.0,3,3,3.0,3.0,2,3,3,3.0,3,3,3,2,3.0,3,3.0,3,3.0,2.0,3,3,3.0,2.0,2.0
32948723484,3.0,3,2.0,2,3,3.0,2,3,3.0,2.0,3,2,3,3.0,3,3,3,2,3.0,3,3.0,3,3.0,3.0,3,3,2.0,2.0,3.0
69756765931,3.0,3,2.0,2,2,3.0,3,3,2.0,2.0,2,3,2,3.0,2,3,3,2,3.0,2,2.0,3,3.0,2.0,3,3,2.0,3.0,2.0
196761064143,3.0,3,2.0,2,3,2.0,1,2,2.0,3.0,2,2,2,2.0,2,2,3,3,3.0,2,3.0,2,3.0,1.0,3,3,2.0,2.0,2.0
61440783983,2.0,2,3.0,2,3,3.0,-1,3,3.0,3.0,2,2,3,2.0,2,3,3,0,3.0,2,3.0,3,2.0,2.0,2,2,2.0,3.0,2.0
81872930240,3.0,2,2.0,3,3,2.0,2,1,3.0,2.0,1,3,3,1.0,2,3,3,2,2.0,3,2.0,2,3.0,2.0,2,3,2.0,2.0,-2.0
8596827841,3.0,3,3.0,3,3,3.0,3,3,3.0,2.0,3,2,3,3.0,3,3,3,3,3.0,3,3.0,3,3.0,3.0,3,3,3.0,3.0,1.0
162009946539,3.0,2,2.0,2,3,2.0,2,2,0.0,3.0,3,3,3,2.0,3,3,3,2,3.0,3,3.0,3,2.0,-2.0,3,3,3.0,3.0,2.0
153621523918,3.0,3,2.0,1,2,3.0,3,2,,2.0,2,1,2,3.0,1,3,3,2,1.0,3,2.0,2,3.0,2.0,2,2,3.0,1.0,2.0
153536255324,2.0,1,1.0,2,2,2.0,-1,3,1.0,2.0,2,-1,2,1.0,2,2,-1,-1,2.0,0,1.0,2,2.0,-1.0,1,2,1.0,-2.0,-1.0
59532124571,2.0,2,2.0,2,2,2.0,2,2,2.0,2.0,2,2,2,2.0,2,2,2,2,2.0,2,2.0,2,2.0,2.0,2,2,2.0,2.0,2.0
52027242974,2.0,1,-1.0,-2,3,-1.0,-1,-1,1.0,-1.0,-1,1,1,0.0,-1,2,2,-2,3.0,-1,-1.0,-1,1.0,-1.0,-2,-1,1.0,3.0,-2.0
96143925339,3.0,3,3.0,3,3,3.0,3,3,1.0,,3,3,3,,3,3,3,1,3.0,1,3.0,3,3.0,3.0,2,3,3.0,,3.0
133034429751,1.0,2,2.0,2,3,3.0,-2,0,2.0,2.0,1,2,2,3.0,2,2,3,0,3.0,3,2.0,2,2.0,-3.0,2,3,2.0,,1.0
143995754399,2.0,2,2.0,2,2,2.0,2,2,2.0,2.0,2,2,2,3.0,2,2,2,2,2.0,2,2.0,2,2.0,2.0,2,2,2.0,2.0,2.0
176873153271,1.0,3,3.0,3,3,3.0,3,1,3.0,3.0,2,2,2,3.0,3,3,3,3,3.0,3,3.0,3,3.0,0.0,3,3,3.0,3.0,0.0
124916980421,3.0,3,2.0,3,3,-2.0,3,2,3.0,2.0,3,3,3,3.0,3,2,2,3,2.0,3,2.0,3,3.0,3.0,3,2,3.0,3.0,3.0
36843832151,3.0,3,3.0,3,3,3.0,3,3,3.0,3.0,3,3,3,3.0,3,3,3,3,3.0,3,3.0,3,3.0,3.0,3,3,3.0,3.0,3.0
168085181796,2.0,2,3.0,3,3,2.0,2,2,2.0,2.0,2,2,2,2.0,2,2,2,2,3.0,2,3.0,2,2.0,2.0,2,2,2.0,2.0,2.0
204600035142,2.0,0,1.0,3,2,2.0,2,2,1.0,3.0,0,2,2,2.0,2,2,3,2,3.0,0,3.0,3,2.0,-1.0,3,3,2.0,3.0,2.0
86934390218,2.0,3,1.0,2,2,2.0,2,1,2.0,2.0,1,1,3,2.0,3,2,2,2,2.0,2,2.0,2,2.0,2.0,2,2,1.0,2.0,2.0
83064926898,3.0,3,3.0,3,3,3.0,3,3,2.0,3.0,3,2,3,2.0,3,3,2,3,3.0,2,3.0,3,3.0,1.0,3,3,3.0,2.0,1.0
42009553213,2.0,1,3.0,2,2,2.0,0,3,3.0,1.0,1,1,2,2.0,1,1,2,1,2.0,0,2.0,2,2.0,1.0,3,2,2.0,2.0,-1.0
92581208616,3.0,3,3.0,3,3,3.0,2,3,,2.0,3,3,2,3.0,3,3,3,3,3.0,3,3.0,2,3.0,3.0,3,3,3.0,2.0,3.0
8568765092,3.0,1,2.0,2,2,2.0,2,2,2.0,2.0,2,3,3,2.0,3,3,3,3,3.0,2,2.0,2,3.0,2.0,2,3,3.0,3.0,3.0
178501285974,2.0,2,2.0,1,2,2.0,-1,2,2.0,2.0,2,2,2,2.0,2,2,2,2,2.0,2,2.0,2,1.0,1.0,2,2,2.0,2.0,0.0
165502491834,3.0,3,3.0,3,3,3.0,3,3,3.0,3.0,3,3,3,3.0,3,3,3,3,3.0,3,3.0,3,3.0,3.0,2,3,3.0,3.0,3.0
194696738977,0.0,1,0.0,2,1,2.0,2,1,1.0,2.0,0,1,0,2.0,2,2,1,2,2.0,0,2.0,2,1.0,-1.0,2,2,2.0,-2.0,1.0
148107757350,3.0,3,3.0,3,3,3.0,-1,2,2.0,2.0,3,3,3,3.0,-3,3,2,0,3.0,3,3.0,3,3.0,3.0,3,3,3.0,3.0,2.0
78278344741,2.0,3,3.0,3,3,3.0,3,2,2.0,3.0,2,1,2,2.0,3,3,3,3,3.0,3,3.0,3,3.0,3.0,3,3,3.0,2.0,3.0
197184707684,2.0,2,1.0,2,2,2.0,-1,1,2.0,-1.0,2,2,2,2.0,2,2,2,1,2.0,2,2.0,2,1.0,-2.0,2,1,1.0,2.0,
38008170631,3.0,3,2.0,3,3,2.0,2,3,2.0,3.0,3,3,3,2.0,2,3,3,2,3.0,3,3.0,3,3.0,3.0,2,3,3.0,3.0,2.0
189253178353,3.0,2,3.0,2,3,2.0,2,3,-1.0,2.0,2,3,3,3.0,3,3,3,1,3.0,2,3.0,3,2.0,-1.0,3,3,3.0,3.0,-2.0
181120986147,2.0,3,2.0,2,2,2.0,2,-2,1.0,2.0,3,2,2,3.0,3,3,2,3,3.0,3,1.0,2,1.0,2.0,3,2,2.0,3.0,2.0
11779448332,3.0,3,2.0,2,3,3.0,2,2,2.0,2.0,3,3,3,3.0,3,3,3,3,3.0,3,2.0,3,3.0,3.0,3,3,3.0,0.0,3.0
129255897361,2.0,1,1.0,1,1,1.0,-1,2,2.0,1.0,2,1,2,0.0,2,1,2,1,3.0,0,2.0,2,2.0,2.0,2,1,1.0,2.0,2.0
20049031167,3.0,1,3.0,-1,3,-1.0,-1,1,2.0,-1.0,2,3,3,1.0,1,2,3,-1,3.0,0,3.0,2,2.0,1.0,2,1,2.0,3.0,1.0
68207927372,3.0,3,2.0,3,3,3.0,3,3,3.0,3.0,3,3,3,3.0,3,3,3,3,3.0,3,3.0,3,3.0,2.0,3,3,3.0,3.0,2.0
145633420685,3.0,3,3.0,3,3,3.0,2,3,3.0,3.0,3,3,3,3.0,3,3,3,3,3.0,3,3.0,3,3.0,3.0,3,3,3.0,3.0,3.0
97634274733,3.0,3,3.0,3,3,3.0,3,3,3.0,3.0,3,3,3,3.0,3,3,3,3,3.0,3,3.0,3,3.0,3.0,3,3,3.0,3.0,3.0
60092506169,3.0,1,0.0,2,2,2.0,-1,2,3.0,-1.0,2,2,0,0.0,1,2,1,-2,0.0,1,2.0,1,2.0,-2.0,1,2,-1.0,1.0,-2.0
88894495734,-2.0,-2,-2.0,-3,-2,-2.0,2,-2,2.0,0.0,-2,-3,1,-2.0,1,2,-1,-2,-2.0,-3,-2.0,-2,-2.0,-3.0,-2,1,-3.0,-3.0,-3.0
180241838833,1.0,1,-1.0,0,2,-1.0,-2,0,-1.0,0.0,0,-1,1,1.0,-1,3,0,-2,1.0,-2,-1.0,3,0.0,1.0,0,-1,1.0,1.0,1.0
151767171558,2.0,1,0.0,2,2,1.0,-2,1,1.0,1.0,2,1,1,1.0,-1,2,3,-2,2.0,-2,1.0,1,2.0,0.0,2,1,1.0,0.0,-1.0
105649413429,2.0,3,2.0,2,3,3.0,2,3,2.0,1.0,2,0,2,2.0,2,2,3,2,3.0,2,3.0,2,3.0,-1.0,3,3,3.0,2.0,-1.0
35701606137,2.0,1,1.0,3,1,2.0,-1,2,2.0,1.0,1,2,2,2.0,1,1,3,0,-1.0,2,2.0,2,3.0,1.0,1,2,2.0,2.0,0.0
185718073946,1.0,2,2.0,1,3,2.0,2,1,2.0,0.0,3,0,3,2.0,2,3,3,-1,3.0,2,2.0,2,3.0,-1.0,3,2,0.0,3.0,1.0
106117507934,3.0,3,3.0,3,3,3.0,3,3,3.0,3.0,3,3,3,3.0,3,3,3,3,3.0,3,3.0,3,3.0,3.0,3,3,3.0,3.0,3.0
79945675520,3.0,3,2.0,3,3,2.0,1,0,1.0,2.0,2,1,2,1.0,0,3,2,-1,3.0,2,3.0,1,2.0,-2.0,1,2,3.0,1.0,-2.0
88517641072,2.0,2,2.0,2,2,2.0,1,2,1.0,2.0,2,2,2,1.0,2,2,2,2,2.0,2,3.0,2,2.0,2.0,2,2,2.0,2.0,2.0
28661507130,3.0,2,3.0,3,2,3.0,3,3,3.0,3.0,2,2,3,3.0,2,2,3,2,3.0,3,3.0,3,3.0,3.0,3,2,2.0,3.0,2.0
39910555264,2.0,2,2.0,3,3,2.0,2,3,2.0,2.0,2,2,2,2.0,2,2,3,3,3.0,2,3.0,2,3.0,1.0,2,3,2.0,2.0,-1.0
189467585133,3.0,2,2.0,2,2,2.0,2,3,1.0,2.0,2,2,2,2.0,3,2,2,3,3.0,2,2.0,2,2.0,2.0,2,2,2.0,3.0,2.0
138875218930,2.0,2,2.0,2,3,2.0,2,2,3.0,1.0,2,2,2,2.0,2,3,3,2,3.0,1,2.0,2,2.0,2.0,2,2,3.0,2.0,2.0
14363534523,2.0,2,2.0,2,3,3.0,1,2,1.0,1.0,2,2,2,2.0,2,2,2,2,2.0,2,2.0,2,2.0,3.0,2,2,2.0,2.0,2.0
106955339974,3.0,3,3.0,2,2,3.0,2,2,2.0,2.0,2,2,3,2.0,3,2,3,2,3.0,3,2.0,3,2.0,-1.0,3,3,3.0,1.0,-2.0
40950174180,2.0,2,2.0,2,2,2.0,1,2,2.0,1.0,2,2,2,2.0,2,2,2,2,2.0,2,2.0,2,2.0,2.0,2,2,2.0,2.0,2.0
141700582867,1.0,1,2.0,-3,2,2.0,3,1,3.0,2.0,3,2,1,1.0,-1,1,2,2,1.0,2,3.0,-1,2.0,0.0,1,3,2.0,2.0,2.0
93344962486,2.0,2,1.0,2,2,-1.0,-1,2,2.0,-1.0,2,2,2,2.0,2,2,2,2,1.0,1,2.0,2,2.0,2.0,1,2,2.0,2.0,2.0
51559535473,2.0,1,3.0,2,2,2.0,-2,3,2.0,2.0,2,2,3,2.0,3,3,2,2,2.0,2,2.0,2,3.0,2.0,2,3,3.0,2.0,2.0
168986707816,2.0,2,2.0,2,3,1.0,0,2,2.0,2.0,2,2,2,1.0,2,3,3,2,2.0,2,2.0,2,2.0,2.0,1,2,2.0,2.0,2.0
209235354867,3.0,3,3.0,2,3,2.0,2,3,1.0,1.0,3,3,3,2.0,3,3,3,3,3.0,3,2.0,2,3.0,1.0,2,3,3.0,3.0,1.0
140072704494,3.0,3,3.0,-2,3,3.0,3,1,3.0,3.0,3,3,3,3.0,3,3,3,2,3.0,3,3.0,3,3.0,2.0,3,3,3.0,3.0,3.0
165304258478,3.0,3,3.0,3,3,3.0,3,3,3.0,3.0,3,3,3,3.0,3,3,3,3,2.0,3,3.0,3,3.0,3.0,3,3,3.0,3.0,3.0
23840467359,2.0,3,3.0,3,3,2.0,1,2,3.0,3.0,2,2,2,2.0,2,2,2,2,2.0,3,2.0,2,2.0,2.0,2,2,2.0,2.0,2.0
113506315780,2.0,1,1.0,2,2,2.0,2,2,1.0,0.0,2,1,2,2.0,2,1,2,0,1.0,1,2.0,2,2.0,2.0,1,2,2.0,2.0,0.0
61417212389,2.0,2,2.0,2,2,1.0,1,2,-1.0,0.0,2,1,2,1.0,1,2,2,1,3.0,2,3.0,2,2.0,2.0,3,3,3.0,3.0,2.0
122055742648,3.0,3,3.0,3,3,3.0,3,3,3.0,3.0,3,3,3,3.0,3,3,3,3,3.0,3,3.0,3,3.0,3.0,3,3,3.0,3.0,3.0
104753929579,3.0,2,2.0,2,2,3.0,-1,3,2.0,1.0,3,2,2,2.0,3,2,3,2,3.0,3,3.0,3,3.0,2.0,3,3,2.0,3.0,2.0
41180650362,1.0,3,2.0,2,2,1.0,0,0,0.0,1.0,3,3,1,1.0,2,2,3,1,2.0,2,2.0,3,1.0,2.0,2,2,3.0,3.0,3.0
484574598,2.0,3,3.0,1,3,2.0,2,1,2.0,2.0,3,2,2,2.0,3,2,3,2,3.0,3,3.0,2,3.0,2.0,3,3,2.0,2.0,2.0
174451933230,2.0,2,2.0,2,2,2.0,2,2,2.0,2.0,2,2,2,2.0,2,2,2,-1,2.0,2,2.0,2,2.0,2.0,2,2,2.0,2.0,2.0
195634295836,3.0,2,2.0,2,3,2.0,2,2,2.0,2.0,3,3,3,3.0,2,2,2,2,2.0,2,2.0,2,3.0,3.0,2,3,2.0,3.0,2.0
27478901029,2.0,1,2.0,2,3,2.0,3,3,2.0,2.0,2,1,2,0.0,3,2,3,3,3.0,2,3.0,3,2.0,2.0,2,3,3.0,,3.0
47130516788,2.0,2,2.0,2,3,2.0,1,2,2.0,2.0,2,2,3,3.0,2,2,3,2,2.0,2,3.0,2,2.0,0.0,2,3,2.0,2.0,0.0
78608150213,2.0,2,2.0,2,2,2.0,0,2,1.0,0.0,2,1,2,1.0,3,2,2,0,2.0,0,2.0,2,2.0,1.0,2,2,2.0,2.0,1.0
16093287538,2.0,-1,-3.0,2,3,1.0,-1,2,-1.0,2.0,-1,1,0,-1.0,1,1,3,-1,3.0,-1,1.0,1,1.0,-2.0,1,1,2.0,,-2.0
66778678498,2.0,2,3.0,2,2,2.0,2,2,2.0,2.0,2,2,2,2.0,3,3,3,1,3.0,2,,2,2.0,2.0,2,2,3.0,2.0,2.0
133865622427,2.0,2,2.0,3,2,3.0,2,2,2.0,3.0,2,2,2,2.0,3,2,2,2,2.0,2,2.0,2,2.0,2.0,3,2,3.0,1.0,2.0
88988820869,2.0,2,3.0,2,3,2.0,1,2,1.0,3.0,2,2,2,2.0,2,3,3,1,1.0,2,2.0,2,3.0,2.0,2,3,2.0,2.0,2.0
41685939725,2.0,2,2.0,-1,2,1.0,-2,1,0.0,1.0,2,0,1,1.0,-1,2,2,1,2.0,2,2.0,1,2.0,1.0,2,2,2.0,-1.0,1.0
174538019987,2.0,2,2.0,2,3,2.0,0,2,2.0,2.0,2,0,2,2.0,2,2,0,1,2.0,2,2.0,2,3.0,1.0,2,3,2.0,3.0,1.0
177896131198,2.0,0,0.0,1,2,1.0,-1,1,0.0,0.0,2,1,0,2.0,1,1,2,-1,2.0,0,2.0,2,1.0,0.0,1,1,2.0,2.0,-1.0
151900065492,3.0,3,3.0,2,3,2.0,2,2,3.0,2.0,2,2,3,2.0,3,3,3,2,2.0,3,2.0,3,3.0,3.0,3,3,3.0,3.0,3.0
138464373082,2.0,2,3.0,2,2,2.0,1,3,2.0,1.0,3,2,3,2.0,2,3,2,2,3.0,2,3.0,3,3.0,2.0,2,2,3.0,1.0,2.0
193650770736,3.0,2,3.0,2,3,2.0,2,3,2.0,3.0,3,3,3,3.0,3,3,3,2,-2.0,2,2.0,3,2.0,2.0,3,2,2.0,2.0,2.0
37955090589,1.0,3,2.0,1,2,3.0,1,2,2.0,1.0,3,1,2,2.0,2,2,3,2,3.0,1,2.0,2,2.0,3.0,2,3,3.0,1.0,1.0
200326217960,3.0,3,3.0,3,3,3.0,3,3,3.0,3.0,3,3,3,3.0,3,3,3,3,3.0,3,3.0,3,3.0,2.0,3,3,3.0,3.0,3.0
47823854746,1.0,0,1.0,1,2,0.0,-1,0,1.0,-1.0,0,2,0,2.0,0,2,2,0,1.0,-1,1.0,2,2.0,1.0,0,1,1.0,1.0,1.0
24213778128,2.0,2,1.0,1,2,2.0,-1,1,-1.0,-2.0,2,2,1,1.0,2,0,2,-1,2.0,-1,2.0,2,2.0,1.0,-1,1,1.0,2.0,1.0
106693809417,3.0,3,3.0,3,3,3.0,-1,3,3.0,2.0,2,3,3,3.0,3,3,3,2,3.0,3,3.0,3,3.0,3.0,3,3,3.0,3.0,3.0
46024889922,2.0,3,3.0,3,3,3.0,1,3,3.0,3.0,3,2,3,3.0,3,2,3,3,3.0,3,3.0,3,3.0,2.0,3,3,3.0,3.0,1.0
187606385189,3.0,3,3.0,3,3,3.0,3,3,3.0,3.0,3,3,3,3.0,3,3,3,3,3.0,3,3.0,3,3.0,3.0,3,3,3.0,3.0,2.0
105866439998,2.0,2,2.0,1,2,2.0,2,1,1.0,2.0,2,2,0,2.0,2,2,2,2,2.0,1,2.0,2,2.0,2.0,1,2,2.0,2.0,2.0
94571748914,1.0,-1,1.0,-2,1,-1.0,-3,-2,1.0,-2.0,-1,-1,1,-1.0,-1,2,0,-2,1.0,0,0.0,1,1.0,-2.0,-1,1,-1.0,1.0,1.0
210506168328,3.0,3,3.0,3,3,3.0,3,3,3.0,3.0,3,3,3,3.0,3,3,3,3,3.0,3,3.0,3,3.0,2.0,3,3,3.0,2.0,2.0
106296959723,3.0,3,3.0,3,3,2.0,3,3,3.0,2.0,3,2,3,3.0,3,3,2,3,3.0,2,3.0,3,3.0,3.0,3,3,3.0,3.0,2.0
188837108766,3.0,2,2.0,2,3,2.0,2,2,2.0,1.0,2,2,2,2.0,2,1,2,2,3.0,1,2.0,2,2.0,0.0,2,2,1.0,1.0,0.0
43478911726,3.0,3,3.0,0,3,3.0,3,3,3.0,3.0,3,3,3,3.0,3,3,3,3,3.0,3,3.0,3,3.0,3.0,3,3,3.0,3.0,2.0
165534058578,2.0,1,3.0,2,2,2.0,-2,2,2.0,2.0,3,1,2,2.0,3,2,2,-2,3.0,1,2.0,2,3.0,2.0,3,2,2.0,3.0,2.0
127289011892,2.0,2,,0,1,0.0,-1,-1,1.0,1.0,1,1,2,1.0,3,-1,1,-1,1.0,1,-3.0,1,2.0,-1.0,-1,2,0.0,1.0,1.0
183355169573,3.0,3,2.0,3,3,2.0,2,3,3.0,2.0,3,3,3,3.0,2,3,3,2,3.0,2,3.0,3,3.0,3.0,3,3,3.0,3.0,3.0
65139913,3.0,2,2.0,3,3,2.0,2,2,2.0,2.0,2,3,2,2.0,2,2,2,2,2.0,2,2.0,3,3.0,2.0,3,2,3.0,2.0,2.0
74042117697,,3,3.0,2,3,3.0,2,3,3.0,,2,3,3,3.0,2,3,3,2,3.0,2,3.0,3,2.0,3.0,2,3,3.0,3.0,3.0
195140704697,2.0,2,2.0,2,2,3.0,-1,2,1.0,2.0,2,2,2,2.0,2,2,2,1,2.0,2,1.0,2,2.0,1.0,2,2,2.0,2.0,2.0
80275527873,3.0,2,3.0,2,2,2.0,2,2,2.0,2.0,2,2,2,3.0,2,3,3,2,2.0,2,3.0,3,3.0,2.0,2,2,2.0,2.0,1.0
33814429418,2.0,2,2.0,2,2,2.0,2,2,2.0,1.0,2,2,2,2.0,2,2,2,2,2.0,2,2.0,2,2.0,2.0,2,2,2.0,2.0,2.0
